"URL","Page Type","Primary Intent","Primary Keyword","Supporting Keywords","Indexable"
"https://xn--12cb0a0clbb5eueac5b7cya1nrb2eh.com/404.html/","Model Page","ต้องการขายสินค้าตามรุ่น/ซีรีส์","รับซื้อ ไม่พบหน้าที่ต้องการ","ราคา ไม่พบหน้าที่ต้องการ","FALSE"
"https://xn--12cb0a0clbb5eueac5b7cya1nrb2eh.com/about/","Trust/Legal Page","ต้องการข้อมูลบริษัท/ความน่าเชื่อถือ","บริษัท อำพล เทรดดิ้ง จำกัด","WINNER IT ขอนแก่น","TRUE"
"https://xn--12cb0a0clbb5eueac5b7cya1nrb2eh.com/appliance/","Category/Money Page","ต้องการขายสินค้า/เช็กราคา","รับซื้อรับซื้ออุปกรณ์ไอที ครบทุกชนิด เหมายกออฟฟิศก็จบไว","ราคามือสอง รับซื้ออุปกรณ์ไอที ครบทุกชนิด เหมายกออฟฟิศก็จบไว, ร้านรับซื้อ รับซื้ออุปกรณ์ไอที ครบทุกชนิด เหมายกออฟฟิศก็จบไว","TRUE"
"https://xn--12cb0a0clbb5eueac5b7cya1nrb2eh.com/blog/close-office-it-asset/","Blog Article","ต้องการข้อมูลก่อนขาย/ราคาตลาด","ปิดออฟฟิศ ย้ายสำนักงาน จัดการอุปกรณ์ไอทีเก่าอย่างไรให้ได้เงินคืนสูงสุด","ข้อมูลเปรียบเทียบก่อนขาย","TRUE"
"https://xn--12cb0a0clbb5eueac5b7cya1nrb2eh.com/blog/damaged-device-can-sell/","Blog Article","ต้องการข้อมูลก่อนขาย/ราคาตลาด","จอแตก เปิดไม่ติด แบตบวม ของพังขายได้ไหม ราคาหายไปแค่ไหน","ข้อมูลเปรียบเทียบก่อนขาย","TRUE"
"https://xn--12cb0a0clbb5eueac5b7cya1nrb2eh.com/blog/documents-for-selling-it/","Blog Article","ต้องการข้อมูลก่อนขาย/ราคาตลาด","เอกสารที่ต้องใช้เวลาขายของไอทีให้ร้านรับซื้อ มีอะไรบ้าง","ข้อมูลเปรียบเทียบก่อนขาย","TRUE"
"https://xn--12cb0a0clbb5eueac5b7cya1nrb2eh.com/blog/erase-iphone-before-selling/","Blog Article","ต้องการข้อมูลก่อนขาย/ราคาตลาด","วิธีลบข้อมูล iPhone ก่อนขาย อย่างปลอดภัย ปิด Find My ยังไงไม่ให้พลาด","ข้อมูลเปรียบเทียบก่อนขาย","TRUE"
"https://xn--12cb0a0clbb5eueac5b7cya1nrb2eh.com/blog/gaming-notebook-resale-price/","Blog Article","ต้องการเช็กราคาตลาด","โน้ตบุ๊คเกมมิ่งมือสอง ขายได้เท่าไหร่ ดูจากอะไร ตาราง ROG MSI Lenovo 2569","ข้อมูลเปรียบเทียบก่อนขาย","TRUE"
"https://xn--12cb0a0clbb5eueac5b7cya1nrb2eh.com/blog/gpu-resale-price/","Blog Article","ต้องการเช็กราคาตลาด","การ์ดจอมือสองรุ่นไหนยังขายได้ราคา ตาราง RTX 3060–4090 อัปเดต 2569","ข้อมูลเปรียบเทียบก่อนขาย","TRUE"
"https://xn--12cb0a0clbb5eueac5b7cya1nrb2eh.com/blog/","Hub Page","ต้องการหาข้อมูลก่อนขาย/รีเสิร์ช","บทความรับซื้อไอที ขอนแก่น","สาระน่ารู้ไอที","TRUE"
"https://xn--12cb0a0clbb5eueac5b7cya1nrb2eh.com/blog/iphone-price-khonkaen-query/","Blog Article","ต้องการเช็กราคาตลาด","รับซื้อ iPhone ราคาเท่าไหร่ ต้องส่งข้อมูลอะไร","ข้อมูลเปรียบเทียบก่อนขาย","TRUE"
"https://xn--12cb0a0clbb5eueac5b7cya1nrb2eh.com/blog/iphone-resale-price/","Blog Article","ต้องการเช็กราคาตลาด","ราคารับซื้อ iPhone แต่ละรุ่นขายได้กี่บาท ตารางราคาล่าสุด 2569","ข้อมูลเปรียบเทียบก่อนขาย","TRUE"
"https://xn--12cb0a0clbb5eueac5b7cya1nrb2eh.com/blog/it-buyout-pickup-khonkaen/","Blog Article","ต้องการข้อมูลก่อนขาย/ราคาตลาด","รับซื้อไอทีถึงที่ นัดรับยังไงให้จบไวและได้ราคา","ข้อมูลเปรียบเทียบก่อนขาย","TRUE"
"https://xn--12cb0a0clbb5eueac5b7cya1nrb2eh.com/blog/it-selling-scams/","Blog Article","ต้องการข้อมูลก่อนขาย/ราคาตลาด","5 กลโกงที่เจอบ่อยเวลาขายของไอทีออนไลน์ วิธีป้องกันที่ได้ผล","ข้อมูลเปรียบเทียบก่อนขาย","TRUE"
"https://xn--12cb0a0clbb5eueac5b7cya1nrb2eh.com/blog/kku-student-sell-notebook-ipad/","Blog Article","ต้องการข้อมูลก่อนขาย/ราคาตลาด","นักศึกษา มข. เรียนจบแล้ว ขายโน้ตบุ๊ค iPad ที่ไหนได้ราคาดีในขอนแก่น","ข้อมูลเปรียบเทียบก่อนขาย","TRUE"
"https://xn--12cb0a0clbb5eueac5b7cya1nrb2eh.com/blog/macbook-resale-price/","Blog Article","ต้องการเช็กราคาตลาด","ราคารับซื้อ MacBook ทุกรุ่น อัปเดต 2569 ขายที่ไหนได้ราคาดี","ข้อมูลเปรียบเทียบก่อนขาย","TRUE"
"https://xn--12cb0a0clbb5eueac5b7cya1nrb2eh.com/blog/notebook-checklist-before-sell/","Blog Article","ต้องการข้อมูลก่อนขาย/ราคาตลาด","เช็คลิสต์ 7 ข้อ เตรียมโน้ตบุ๊คก่อนขายให้ประเมินได้แม่นขึ้น","ข้อมูลเปรียบเทียบก่อนขาย","TRUE"
"https://xn--12cb0a0clbb5eueac5b7cya1nrb2eh.com/blog/ps5-switch-resale-price/","Blog Article","ต้องการเช็กราคาตลาด","ราคารับซื้อ PS5 Nintendo Switch เทียบรุ่น Disc vs Digital ล่าสุด 2569","ข้อมูลเปรียบเทียบก่อนขาย","TRUE"
"https://xn--12cb0a0clbb5eueac5b7cya1nrb2eh.com/blog/screen-crack-sell-khonkaen-query/","Blog Article","ต้องการข้อมูลก่อนขาย/ราคาตลาด","จอแตกขายได้ไหม iPhone iPad Notebook ยังมีราคาไหม","ข้อมูลเปรียบเทียบก่อนขาย","TRUE"
"https://xn--12cb0a0clbb5eueac5b7cya1nrb2eh.com/blog/sell-iphone-before-new-model/","Blog Article","ต้องการข้อมูลก่อนขาย/ราคาตลาด","ก่อน iPhone รุ่นใหม่ออก ควรขายเครื่องเก่าตอนไหนให้เสียราคาน้อยลง","ข้อมูลเปรียบเทียบก่อนขาย","TRUE"
"https://xn--12cb0a0clbb5eueac5b7cya1nrb2eh.com/blog/sell-it-near-me-khonkaen/","Blog Article","ต้องการข้อมูลก่อนขาย/ราคาตลาด","รับซื้อสินค้าไอทีใกล้ฉัน ต้องดูอะไรบ้างก่อนนัดขาย","ข้อมูลเปรียบเทียบก่อนขาย","TRUE"
"https://xn--12cb0a0clbb5eueac5b7cya1nrb2eh.com/blog/sell-whole-computer-vs-parts/","Blog Article","ต้องการข้อมูลก่อนขาย/ราคาตลาด","ขายคอมทั้งเครื่อง vs แยกขายอะไหล่ แบบไหนคุ้มกว่า คำตอบจากหน้างานจริง","ข้อมูลเปรียบเทียบก่อนขาย","TRUE"
"https://xn--12cb0a0clbb5eueac5b7cya1nrb2eh.com/blog/shop-vs-facebook-group/","Blog Article","ต้องการข้อมูลก่อนขาย/ราคาตลาด","ขายร้านรับซื้อ vs โพสต์ขายเองในกลุ่ม Facebook ข้อดีข้อเสียที่ต้องรู้","ข้อมูลเปรียบเทียบก่อนขาย","TRUE"
"https://xn--12cb0a0clbb5eueac5b7cya1nrb2eh.com/blog/trade-in-vs-buyout-shop/","Blog Article","ต้องการข้อมูลก่อนขาย/ราคาตลาด","เทิร์นเครื่องที่ศูนย์ vs ขายร้านรับซื้อ อันไหนได้เงินมากกว่า เทียบชัด ๆ","ข้อมูลเปรียบเทียบก่อนขาย","TRUE"
"https://xn--12cb0a0clbb5eueac5b7cya1nrb2eh.com/blog/upgrade-computer-sell-old/","Blog Article","ต้องการข้อมูลก่อนขาย/ราคาตลาด","อัปเกรดคอมใหม่ ขายของเก่าที่ไหนดีในขอนแก่น ได้เงินคืนสูงสุด","ข้อมูลเปรียบเทียบก่อนขาย","TRUE"
"https://xn--12cb0a0clbb5eueac5b7cya1nrb2eh.com/blog/where-to-sell-it-khonkaen/","Blog Article","ต้องการข้อมูลก่อนขาย/ราคาตลาด","ขายของไอทีในขอนแก่น เลือกช่องทางไหนดี เทียบทุกช่องทางอย่างตรงไปตรงมา","ข้อมูลเปรียบเทียบก่อนขาย","TRUE"
"https://xn--12cb0a0clbb5eueac5b7cya1nrb2eh.com/bulk-buyout/","Category/Money Page","ต้องการขายสินค้า/เช็กราคา","รับซื้อรับเหมาซื้อของไอที ปิดออฟฟิศ เคลียร์สต๊อก จ่ายสดวันเดียว","ราคามือสอง รับเหมาซื้อของไอที ปิดออฟฟิศ เคลียร์สต๊อก จ่ายสดวันเดียว, ร้านรับซื้อ รับเหมาซื้อของไอที ปิดออฟฟิศ เคลียร์สต๊อก จ่ายสดวันเดียว","TRUE"
"https://xn--12cb0a0clbb5eueac5b7cya1nrb2eh.com/buyout-terms/","Trust/Legal Page","ต้องการดูเงื่อนไขการรับซื้อ/ประเมินราคา","เงื่อนไขการรับซื้อ WINNER IT","กติกาการขายของไอที","TRUE"
"https://xn--12cb0a0clbb5eueac5b7cya1nrb2eh.com/camera/","Category/Money Page","ต้องการขายสินค้า/เช็กราคา","รับซื้อรับซื้อกล้อง เลนส์ โดรน ตีราคาแฟร์ จ่ายสดถึงมือ","ราคามือสอง รับซื้อกล้อง เลนส์ โดรน ตีราคาแฟร์ จ่ายสดถึงมือ, ร้านรับซื้อ รับซื้อกล้อง เลนส์ โดรน ตีราคาแฟร์ จ่ายสดถึงมือ","TRUE"
"https://xn--12cb0a0clbb5eueac5b7cya1nrb2eh.com/computer/","Category/Money Page","ต้องการขายสินค้า/เช็กราคา","รับซื้อรับซื้อคอมพิวเตอร์ ยกชุดหรือแยกชิ้น จ่ายสดถึงบ้าน","ราคามือสอง รับซื้อคอมพิวเตอร์ ยกชุดหรือแยกชิ้น จ่ายสดถึงบ้าน, ร้านรับซื้อ รับซื้อคอมพิวเตอร์ ยกชุดหรือแยกชิ้น จ่ายสดถึงบ้าน","TRUE"
"https://xn--12cb0a0clbb5eueac5b7cya1nrb2eh.com/contact/","Trust/Legal Page","ต้องการติดต่อสอบถาม/นัดหมาย","ติดต่อ WINNER IT ขอนแก่น","เบอร์โทร WINNER IT, LINE @buyhub","TRUE"
"https://xn--12cb0a0clbb5eueac5b7cya1nrb2eh.com/drone-gopro/","Category/Money Page","ต้องการขายสินค้า/เช็กราคา","รับซื้อรับซื้อโดรน DJI GoPro Insta360 ทุกรุ่น จ่ายสดทันที","ราคามือสอง รับซื้อโดรน DJI GoPro Insta360 ทุกรุ่น จ่ายสดทันที, ร้านรับซื้อ รับซื้อโดรน DJI GoPro Insta360 ทุกรุ่น จ่ายสดทันที","TRUE"
"https://xn--12cb0a0clbb5eueac5b7cya1nrb2eh.com/gadget/","Category/Money Page","ต้องการขายสินค้า/เช็กราคา","รับซื้อรับซื้อแกดเจ็ต หูฟัง ลำโพง อุปกรณ์เสริมไอที","ราคามือสอง รับซื้อแกดเจ็ต หูฟัง ลำโพง อุปกรณ์เสริมไอที, ร้านรับซื้อ รับซื้อแกดเจ็ต หูฟัง ลำโพง อุปกรณ์เสริมไอที","TRUE"
"https://xn--12cb0a0clbb5eueac5b7cya1nrb2eh.com/game-console/","Category/Money Page","ต้องการขายสินค้า/เช็กราคา","รับซื้อรับซื้อเครื่องเกม PS5 Switch Xbox จ่ายสดถึงที่","ราคามือสอง รับซื้อเครื่องเกม PS5 Switch Xbox จ่ายสดถึงที่, ร้านรับซื้อ รับซื้อเครื่องเกม PS5 Switch Xbox จ่ายสดถึงที่","TRUE"
"https://xn--12cb0a0clbb5eueac5b7cya1nrb2eh.com/gpu/","Category/Money Page","ต้องการขายสินค้า/เช็กราคา","รับซื้อรับซื้อการ์ดจอ RTX RX ทุกรุ่น ราคาอิงตลาดจริง","ราคามือสอง รับซื้อการ์ดจอ RTX RX ทุกรุ่น ราคาอิงตลาดจริง, ร้านรับซื้อ รับซื้อการ์ดจอ RTX RX ทุกรุ่น ราคาอิงตลาดจริง","TRUE"
"https://xn--12cb0a0clbb5eueac5b7cya1nrb2eh.com//","Homepage","ต้องการขายสินค้าไอที ขอนแก่น (Broad)","รับซื้อสินค้าไอที ขอนแก่น","รับซื้อของไอที ขอนแก่น, ร้านรับซื้อไอที ขอนแก่น","TRUE"
"https://xn--12cb0a0clbb5eueac5b7cya1nrb2eh.com/ipad-tablet/","Category/Money Page","ต้องการขายสินค้า/เช็กราคา","รับซื้อรับซื้อ iPad Air Pro ทุก Gen แท็บเล็ตทุกยี่ห้อ จ่ายสดทันที","ราคามือสอง รับซื้อ iPad Air Pro ทุก Gen แท็บเล็ตทุกยี่ห้อ จ่ายสดทันที, ร้านรับซื้อ รับซื้อ iPad Air Pro ทุก Gen แท็บเล็ตทุกยี่ห้อ จ่ายสดทันที","TRUE"
"https://xn--12cb0a0clbb5eueac5b7cya1nrb2eh.com/iphone/","Category/Money Page","ต้องการขายสินค้า/เช็กราคา","รับซื้อรับซื้อ iPhone ทุกรุ่น iPhone 16 ถึง iPhone เก่า จ่ายสดทันใจ","ราคามือสอง รับซื้อ iPhone ทุกรุ่น iPhone 16 ถึง iPhone เก่า จ่ายสดทันใจ, ร้านรับซื้อ รับซื้อ iPhone ทุกรุ่น iPhone 16 ถึง iPhone เก่า จ่ายสดทันใจ","TRUE"
"https://xn--12cb0a0clbb5eueac5b7cya1nrb2eh.com/macbook/","Category/Money Page","ต้องการขายสินค้า/เช็กราคา","รับซื้อรับซื้อ MacBook ชิป M ทุกรุ่น ให้ราคาตามตลาด จ่ายสดทันใจ","ราคามือสอง รับซื้อ MacBook ชิป M ทุกรุ่น ให้ราคาตามตลาด จ่ายสดทันใจ, ร้านรับซื้อ รับซื้อ MacBook ชิป M ทุกรุ่น ให้ราคาตามตลาด จ่ายสดทันใจ","TRUE"
"https://xn--12cb0a0clbb5eueac5b7cya1nrb2eh.com/monitor/","Category/Money Page","ต้องการขายสินค้า/เช็กราคา","รับซื้อรับซื้อจอคอม เกมมิ่ง 144Hz 4K UltraWide จ่ายสดถึงบ้าน","ราคามือสอง รับซื้อจอคอม เกมมิ่ง 144Hz 4K UltraWide จ่ายสดถึงบ้าน, ร้านรับซื้อ รับซื้อจอคอม เกมมิ่ง 144Hz 4K UltraWide จ่ายสดถึงบ้าน","TRUE"
"https://xn--12cb0a0clbb5eueac5b7cya1nrb2eh.com/notebook/","Category/Money Page","ต้องการขายสินค้า/เช็กราคา","รับซื้อรับซื้อโน้ตบุ๊ค ประเมินตามรุ่นและสภาพ","ราคามือสอง รับซื้อโน้ตบุ๊ค ประเมินตามรุ่นและสภาพ, ร้านรับซื้อ รับซื้อโน้ตบุ๊ค ประเมินตามรุ่นและสภาพ","TRUE"
"https://xn--12cb0a0clbb5eueac5b7cya1nrb2eh.com/privacy/","Trust/Legal Page","ต้องการดูนโยบายส่วนบุคคล","นโยบายความเป็นส่วนตัว WINNER IT","","TRUE"
"https://xn--12cb0a0clbb5eueac5b7cya1nrb2eh.com/service-area/","Hub Page","ต้องการดูพื้นที่และขอบเขตบริการนัดรับ","พื้นที่ให้บริการ WINNER IT","นัดรับขอนแก่น","TRUE"
"https://xn--12cb0a0clbb5eueac5b7cya1nrb2eh.com/smartphone/","Category/Money Page","ต้องการขายสินค้า/เช็กราคา","รับซื้อรับซื้อมือถือ iPhone iPad ทุกรุ่น จ่ายสดหน้างาน","ราคามือสอง รับซื้อมือถือ iPhone iPad ทุกรุ่น จ่ายสดหน้างาน, ร้านรับซื้อ รับซื้อมือถือ iPhone iPad ทุกรุ่น จ่ายสดหน้างาน","TRUE"
"https://xn--12cb0a0clbb5eueac5b7cya1nrb2eh.com/smartwatch/","Category/Money Page","ต้องการขายสินค้า/เช็กราคา","รับซื้อรับซื้อ Apple Watch Galaxy Watch สมาร์ทวอทช์ทุกรุ่น จ่ายสดทันที","ราคามือสอง รับซื้อ Apple Watch Galaxy Watch สมาร์ทวอทช์ทุกรุ่น จ่ายสดทันที, ร้านรับซื้อ รับซื้อ Apple Watch Galaxy Watch สมาร์ทวอทช์ทุกรุ่น จ่ายสดทันที","TRUE"
"https://xn--12cb0a0clbb5eueac5b7cya1nrb2eh.com/terms/","Trust/Legal Page","ต้องการดูข้อตกลงการใช้งาน","ข้อกำหนดการใช้บริการ WINNER IT","","TRUE"
"https://xn--12cb0a0clbb5eueac5b7cya1nrb2eh.com/จอแตกขายได้ไหม/","Condition Page","ต้องการดูว่ารับซื้อตามสภาพนี้หรือไม่","จอแตก จอมีเส้น ยังขายได้ไหมในขอนแก่น","สภาพ จอแตก จอมีเส้น ยังขายได้ไหมในขอนแก่น","TRUE"
"https://xn--12cb0a0clbb5eueac5b7cya1nrb2eh.com/ติดบัญชีขายได้ไหม/","Condition Page","ต้องการดูว่ารับซื้อตามสภาพนี้หรือไม่","เครื่องติดบัญชีผู้ใช้ ต้องปลดล็อกก่อนขาย","สภาพ เครื่องติดบัญชีผู้ใช้ ต้องปลดล็อกก่อนขาย","TRUE"
"https://xn--12cb0a0clbb5eueac5b7cya1nrb2eh.com/รับซื้อ-acer-ขอนแก่น/","Brand Page","ต้องการขายสินค้าตามแบรนด์","รับซื้อ รับซื้อ Acer Aspire Swift Nitro Predator","ราคาแบรนด์ รับซื้อ Acer Aspire Swift Nitro Predator","TRUE"
"https://xn--12cb0a0clbb5eueac5b7cya1nrb2eh.com/รับซื้อ-asus-ขอนแก่น/","Brand Page","ต้องการขายสินค้าตามแบรนด์","รับซื้อ รับซื้อ ASUS Zenbook Vivobook TUF ROG","ราคาแบรนด์ รับซื้อ ASUS Zenbook Vivobook TUF ROG","TRUE"
"https://xn--12cb0a0clbb5eueac5b7cya1nrb2eh.com/รับซื้อ-cpu-ขอนแก่น/","Brand Page","ต้องการขายสินค้าตามแบรนด์","รับซื้อ รับซื้อ CPU Intel AMD แยกรุ่นและเจนชัดเจน","ราคาแบรนด์ รับซื้อ CPU Intel AMD แยกรุ่นและเจนชัดเจน","TRUE"
"https://xn--12cb0a0clbb5eueac5b7cya1nrb2eh.com/รับซื้อ-dell-ขอนแก่น/","Brand Page","ต้องการขายสินค้าตามแบรนด์","รับซื้อ รับซื้อ Dell Latitude XPS Alienware และจอ Dell","ราคาแบรนด์ รับซื้อ Dell Latitude XPS Alienware และจอ Dell","TRUE"
"https://xn--12cb0a0clbb5eueac5b7cya1nrb2eh.com/รับซื้อ-hp-ขอนแก่น/","Brand Page","ต้องการขายสินค้าตามแบรนด์","รับซื้อ รับซื้อ HP Pavilion Envy EliteBook Omen Victus","ราคาแบรนด์ รับซื้อ HP Pavilion Envy EliteBook Omen Victus","TRUE"
"https://xn--12cb0a0clbb5eueac5b7cya1nrb2eh.com/รับซื้อ-ipad-air-ขอนแก่น/","Brand Page","ต้องการขายสินค้าตามแบรนด์","รับซื้อ รับซื้อ iPad Air รุ่นเรียนและทำงานยอดนิยม","ราคาแบรนด์ รับซื้อ iPad Air รุ่นเรียนและทำงานยอดนิยม","TRUE"
"https://xn--12cb0a0clbb5eueac5b7cya1nrb2eh.com/รับซื้อ-ipad-gen-ขอนแก่น/","Brand Page","ต้องการขายสินค้าตามแบรนด์","รับซื้อ รับซื้อ iPad Gen รุ่นเรียนออนไลน์และจดโน้ต","ราคาแบรนด์ รับซื้อ iPad Gen รุ่นเรียนออนไลน์และจดโน้ต","TRUE"
"https://xn--12cb0a0clbb5eueac5b7cya1nrb2eh.com/รับซื้อ-ipad-mini-ขอนแก่น/","Brand Page","ต้องการขายสินค้าตามแบรนด์","รับซื้อ รับซื้อ iPad mini รุ่นเล็กพกง่ายที่ยังมีตลาดเฉพาะ","ราคาแบรนด์ รับซื้อ iPad mini รุ่นเล็กพกง่ายที่ยังมีตลาดเฉพาะ","TRUE"
"https://xn--12cb0a0clbb5eueac5b7cya1nrb2eh.com/รับซื้อ-ipad-pro-ขอนแก่น/","Brand Page","ต้องการขายสินค้าตามแบรนด์","รับซื้อ รับซื้อ iPad Pro รุ่นจอใหญ่และชิป M ราคาดี","ราคาแบรนด์ รับซื้อ iPad Pro รุ่นจอใหญ่และชิป M ราคาดี","TRUE"
"https://xn--12cb0a0clbb5eueac5b7cya1nrb2eh.com/รับซื้อ-lenovo-ขอนแก่น/","Brand Page","ต้องการขายสินค้าตามแบรนด์","รับซื้อ รับซื้อ Lenovo ThinkPad IdeaPad Yoga Legion","ราคาแบรนด์ รับซื้อ Lenovo ThinkPad IdeaPad Yoga Legion","TRUE"
"https://xn--12cb0a0clbb5eueac5b7cya1nrb2eh.com/รับซื้อ-macbook-air-ขอนแก่น/","Brand Page","ต้องการขายสินค้าตามแบรนด์","รับซื้อ รับซื้อ MacBook Air รุ่นบางเบาที่ตลาดต้องการสูง","ราคาแบรนด์ รับซื้อ MacBook Air รุ่นบางเบาที่ตลาดต้องการสูง","TRUE"
"https://xn--12cb0a0clbb5eueac5b7cya1nrb2eh.com/รับซื้อ-macbook-intel-ขอนแก่น/","Brand Page","ต้องการขายสินค้าตามแบรนด์","รับซื้อ รับซื้อ MacBook Intel ยังขายได้ถ้าสภาพและปีเหมาะสม","ราคาแบรนด์ รับซื้อ MacBook Intel ยังขายได้ถ้าสภาพและปีเหมาะสม","TRUE"
"https://xn--12cb0a0clbb5eueac5b7cya1nrb2eh.com/รับซื้อ-macbook-m1-m5-ขอนแก่น/","Brand Page","ต้องการขายสินค้าตามแบรนด์","รับซื้อ รับซื้อ MacBook M1–M5 แยกมูลค่าตามชิปและสเปก","ราคาแบรนด์ รับซื้อ MacBook M1–M5 แยกมูลค่าตามชิปและสเปก","TRUE"
"https://xn--12cb0a0clbb5eueac5b7cya1nrb2eh.com/รับซื้อ-macbook-pro-ขอนแก่น/","Brand Page","ต้องการขายสินค้าตามแบรนด์","รับซื้อ รับซื้อ MacBook Pro รุ่นทำงานโปรให้ราคาตามสเปกจริง","ราคาแบรนด์ รับซื้อ MacBook Pro รุ่นทำงานโปรให้ราคาตามสเปกจริง","TRUE"
"https://xn--12cb0a0clbb5eueac5b7cya1nrb2eh.com/รับซื้อ-msi-ขอนแก่น/","Brand Page","ต้องการขายสินค้าตามแบรนด์","รับซื้อ รับซื้อ MSI โน้ตบุ๊คเกมมิ่ง การ์ดจอ และจอเกมมิ่ง","ราคาแบรนด์ รับซื้อ MSI โน้ตบุ๊คเกมมิ่ง การ์ดจอ และจอเกมมิ่ง","TRUE"
"https://xn--12cb0a0clbb5eueac5b7cya1nrb2eh.com/รับซื้อ-ram-ssd-ขอนแก่น/","Brand Page","ต้องการขายสินค้าตามแบรนด์","รับซื้อ รับซื้อ RAM/SSD ขายเดี่ยวหรือพ่วงชุดคอมได้","ราคาแบรนด์ รับซื้อ RAM/SSD ขายเดี่ยวหรือพ่วงชุดคอมได้","TRUE"
"https://xn--12cb0a0clbb5eueac5b7cya1nrb2eh.com/รับซื้อ-rtx-30-series-ขอนแก่น/","Brand Page","ต้องการขายสินค้าตามแบรนด์","รับซื้อ รับซื้อ RTX 30 Series เช็กประกันและประวัติใช้งาน","ราคาแบรนด์ รับซื้อ RTX 30 Series เช็กประกันและประวัติใช้งาน","TRUE"
"https://xn--12cb0a0clbb5eueac5b7cya1nrb2eh.com/รับซื้อ-rtx-40-series-ขอนแก่น/","Brand Page","ต้องการขายสินค้าตามแบรนด์","รับซื้อ รับซื้อ RTX 40 Series รุ่นใหม่ราคายืนกว่าเมื่อประกันครบ","ราคาแบรนด์ รับซื้อ RTX 40 Series รุ่นใหม่ราคายืนกว่าเมื่อประกันครบ","TRUE"
"https://xn--12cb0a0clbb5eueac5b7cya1nrb2eh.com/รับซื้อ-rtx-50-series-ขอนแก่น/","Brand Page","ต้องการขายสินค้าตามแบรนด์","รับซื้อ รับซื้อ RTX 50 Series ใช้ราคาตลาดจริง ไม่เดาราคาล่วงหน้า","ราคาแบรนด์ รับซื้อ RTX 50 Series ใช้ราคาตลาดจริง ไม่เดาราคาล่วงหน้า","TRUE"
"https://xn--12cb0a0clbb5eueac5b7cya1nrb2eh.com/รับซื้อ-workstation-ขอนแก่น/","Brand Page","ต้องการขายสินค้าตามแบรนด์","รับซื้อ รับซื้อ Workstation เครื่องงานหนักต้องตีราคาตามสเปกจริง","ราคาแบรนด์ รับซื้อ Workstation เครื่องงานหนักต้องตีราคาตามสเปกจริง","TRUE"
"https://xn--12cb0a0clbb5eueac5b7cya1nrb2eh.com/รับซื้อคอมยกล็อต-ขอนแก่น/","Model Page","ต้องการขายสินค้าตามรุ่น/ซีรีส์","รับซื้อ รับซื้อคอมยกล็อตขอนแก่น ประเมินรายเครื่อง ไม่เหมารวมมั่ว","ราคา รับซื้อคอมยกล็อตขอนแก่น ประเมินรายเครื่อง ไม่เหมารวมมั่ว","TRUE"
"https://xn--12cb0a0clbb5eueac5b7cya1nrb2eh.com/รับซื้อคอมสำนักงาน-ขอนแก่น/","Model Page","ต้องการขายสินค้าตามรุ่น/ซีรีส์","รับซื้อ รับซื้อคอมสำนักงานขอนแก่น เหมาะกับบริษัทที่ปลดระวางเครื่อง","ราคา รับซื้อคอมสำนักงานขอนแก่น เหมาะกับบริษัทที่ปลดระวางเครื่อง","TRUE"
"https://xn--12cb0a0clbb5eueac5b7cya1nrb2eh.com/รับซื้อคอมเกมมิ่ง-ขอนแก่น/","Model Page","ต้องการขายสินค้าตามรุ่น/ซีรีส์","รับซื้อ รับซื้อคอมเกมมิ่งขอนแก่น แยกราคาตามอะไหล่จริง","ราคา รับซื้อคอมเกมมิ่งขอนแก่น แยกราคาตามอะไหล่จริง","TRUE"
"https://xn--12cb0a0clbb5eueac5b7cya1nrb2eh.com/รับซื้อโน้ตบุ๊ค-ipad-มข-กังสดาล/","Local Page","ต้องการบริการนัดรับในพื้นที่","รับซื้อโน้ตบุ๊ค iPad แถว มข. และกังสดาล","นัดรับ รับซื้อโน้ตบุ๊ค iPad แถว มข. และกังสดาล","TRUE"
"https://xn--12cb0a0clbb5eueac5b7cya1nrb2eh.com/รับซื้อโน๊ตบุ๊คจอแตก-ขอนแก่น/","Model Page","ต้องการขายสินค้าตามรุ่น/ซีรีส์","รับซื้อ รับซื้อโน๊ตบุ๊คจอแตกขอนแก่น หักตามค่าจอจริง","ราคา รับซื้อโน๊ตบุ๊คจอแตกขอนแก่น หักตามค่าจอจริง","TRUE"
"https://xn--12cb0a0clbb5eueac5b7cya1nrb2eh.com/รับซื้อโน๊ตบุ๊คเกมมิ่ง-ขอนแก่น/","Model Page","ต้องการขายสินค้าตามรุ่น/ซีรีส์","รับซื้อ รับซื้อโน๊ตบุ๊คเกมมิ่งขอนแก่น ดู GPU และความร้อนเป็นหลัก","ราคา รับซื้อโน๊ตบุ๊คเกมมิ่งขอนแก่น ดู GPU และความร้อนเป็นหลัก","TRUE"
"https://xn--12cb0a0clbb5eueac5b7cya1nrb2eh.com/รับซื้อโน๊ตบุ๊คเปิดไม่ติด-ขอนแก่น/","Model Page","ต้องการขายสินค้าตามรุ่น/ซีรีส์","รับซื้อ รับซื้อโน๊ตบุ๊คเปิดไม่ติดขอนแก่น ดูสาเหตุและอะไหล่ที่เหลือ","ราคา รับซื้อโน๊ตบุ๊คเปิดไม่ติดขอนแก่น ดูสาเหตุและอะไหล่ที่เหลือ","TRUE"
"https://xn--12cb0a0clbb5eueac5b7cya1nrb2eh.com/รับซื้อโน๊ตบุ๊คเสีย-ขอนแก่น/","Model Page","ต้องการขายสินค้าตามรุ่น/ซีรีส์","รับซื้อ รับซื้อโน๊ตบุ๊คเสียขอนแก่น แยกประเมินตามอะไหล่ที่ยังมีราคา","ราคา รับซื้อโน๊ตบุ๊คเสียขอนแก่น แยกประเมินตามอะไหล่ที่ยังมีราคา","TRUE"
"https://xn--12cb0a0clbb5eueac5b7cya1nrb2eh.com/รับซื้อไอที-ชุมแพ/","Local Page","ต้องการบริการนัดรับในพื้นที่","รับซื้อสินค้าไอที ชุมแพ ส่งรูปก่อน จัดรอบรับตามคิว","นัดรับ รับซื้อสินค้าไอที ชุมแพ ส่งรูปก่อน จัดรอบรับตามคิว","TRUE"
"https://xn--12cb0a0clbb5eueac5b7cya1nrb2eh.com/รับซื้อไอที-น้ำพอง/","Local Page","ต้องการบริการนัดรับในพื้นที่","รับซื้อสินค้าไอที น้ำพอง จัดรอบรับตามคิวงาน","นัดรับ รับซื้อสินค้าไอที น้ำพอง จัดรอบรับตามคิวงาน","TRUE"
"https://xn--12cb0a0clbb5eueac5b7cya1nrb2eh.com/รับซื้อไอที-บ้านเป็ด/","Local Page","ต้องการบริการนัดรับในพื้นที่","รับซื้อสินค้าไอที บ้านเป็ด นัดรับตามโซนหมู่บ้านและคอนโด","นัดรับ รับซื้อสินค้าไอที บ้านเป็ด นัดรับตามโซนหมู่บ้านและคอนโด","TRUE"
"https://xn--12cb0a0clbb5eueac5b7cya1nrb2eh.com/รับซื้อไอที-บ้านไผ่/","Local Page","ต้องการบริการนัดรับในพื้นที่","รับซื้อสินค้าไอที บ้านไผ่ จัดรอบรับถึงพื้นที่","นัดรับ รับซื้อสินค้าไอที บ้านไผ่ จัดรอบรับถึงพื้นที่","TRUE"
"https://xn--12cb0a0clbb5eueac5b7cya1nrb2eh.com/รับซื้อไอที-พล/","Local Page","ต้องการบริการนัดรับในพื้นที่","รับซื้อสินค้าไอที พล นัดรับต่างอำเภอตามรอบงาน","นัดรับ รับซื้อสินค้าไอที พล นัดรับต่างอำเภอตามรอบงาน","TRUE"
"https://xn--12cb0a0clbb5eueac5b7cya1nrb2eh.com/รับซื้อไอที-ศิลา/","Local Page","ต้องการบริการนัดรับในพื้นที่","รับซื้อสินค้าไอที ศิลา ใกล้ มข. และโซนหอพัก","นัดรับ รับซื้อสินค้าไอที ศิลา ใกล้ มข. และโซนหอพัก","TRUE"
"https://xn--12cb0a0clbb5eueac5b7cya1nrb2eh.com/รับซื้อไอที-เมืองขอนแก่น/","Local Page","ต้องการบริการนัดรับในพื้นที่","รับซื้อสินค้าไอที เมืองขอนแก่น นัดรับไวตามคิวงานจริง","นัดรับ รับซื้อสินค้าไอที เมืองขอนแก่น นัดรับไวตามคิวงานจริง","TRUE"
"https://xn--12cb0a0clbb5eueac5b7cya1nrb2eh.com/สภาพสินค้าที่ขายได้/","Hub Page","ต้องการดูสภาพสินค้าที่รับซื้อ","สภาพสินค้าที่ขายได้ ขอนแก่น","จอแตก เปิดไม่ติด แบตบวม","TRUE"
"https://xn--12cb0a0clbb5eueac5b7cya1nrb2eh.com/เปิดไม่ติดขายได้ไหม/","Condition Page","ต้องการดูว่ารับซื้อตามสภาพนี้หรือไม่","เครื่องเปิดไม่ติด บูตไม่ขึ้น ยังส่งประเมินราคาได้","สภาพ เครื่องเปิดไม่ติด บูตไม่ขึ้น ยังส่งประเมินราคาได้","TRUE"
"https://xn--12cb0a0clbb5eueac5b7cya1nrb2eh.com/แบตบวมขายได้ไหม/","Condition Page","ต้องการดูว่ารับซื้อตามสภาพนี้หรือไม่","แบตบวม แบตเสื่อม ขายได้ แต่ต้องแจ้งตั้งแต่แรก","สภาพ แบตบวม แบตเสื่อม ขายได้ แต่ต้องแจ้งตั้งแต่แรก","TRUE"
"https://xn--12cb0a0clbb5eueac5b7cya1nrb2eh.com/ไม่มีกล่องขายได้ไหม/","Condition Page","ต้องการดูว่ารับซื้อตามสภาพนี้หรือไม่","ไม่มีกล่อง ไม่มีใบเสร็จ ยังขายสินค้าไอทีได้","สภาพ ไม่มีกล่อง ไม่มีใบเสร็จ ยังขายสินค้าไอทีได้","TRUE"